{"qcs":["PCA","PCM","PCB","PCLC","DQC","PCM2","PCM3"],"aquisitionId":"aquisition id for pye","nConcentrations":"6","stdComment":"adfdfdfdsfds","qcComment":"fdfdfdgfg","nSTDs":"45","type":"PYE","slope":"slope for pye","reviewedBy":"2","qcReviewedBy":"2","output":[{"image":"QC.jpg","type":"QC","parameters":"QC.json"},{"image":"QC.jpg","type":"QC","parameters":"QC.json"}],"Input":[{"rawData":"input_pye.csv"}],"intercept":"intercept for pye","regression":"regression for pye","analyze":"internal stnd for pye","projectID":"Code 2","internalStd":"internal stnd for pye"}